{
  "model": "DeepSupSMPUNet (ResNet34 + SCSE + Deep Supervision, 24.5M params)",
  "dataset": "CAMUS (500 patients, 5-fold patient-level CV)",
  "loss": "DiceCE (CE=0.3, Dice=0.7)",
  "per_fold": {
    "fold_0": {
      "dice_raw": 0.9121304691018981,
      "dice_tta": 0.9136582956448595,
      "iou": 0.8452163473951512,
      "hd": 7.234299066289278,
      "mad": 2.14164154512739
    },
    "fold_1": {
      "dice_raw": 0.9077692454068833,
      "dice_tta": 0.9084819500405078,
      "iou": 0.8380460087473836,
      "hd": 7.799123215719675,
      "mad": 2.2379738463717764
    },
    "fold_2": {
      "dice_raw": 0.9097736097643517,
      "dice_tta": 0.9105775535894972,
      "iou": 0.8405840384859068,
      "hd": 7.3504810608197415,
      "mad": 2.2055060165571843
    },
    "fold_3": {
      "dice_raw": 0.9114430099508302,
      "dice_tta": 0.9117483831665929,
      "iou": 0.8433038940580221,
      "hd": 7.250267804873232,
      "mad": 2.16817823321891
    },
    "fold_4": {
      "dice_raw": 0.9068942874217294,
      "dice_tta": 0.906879745724483,
      "iou": 0.8362886979846693,
      "hd": 7.833688872185152,
      "mad": 2.303495471807981
    }
  },
  "overall": {
    "dice_raw": "0.9096 \u00b1 0.0020",
    "dice_tta": "0.9103 \u00b1 0.0024",
    "iou": "0.8407 \u00b1 0.0033",
    "hd_px": "7.49 \u00b1 0.27",
    "mad_px": "2.21 \u00b1 0.06"
  },
  "per_view": {
    "2CH": 0.9077553852561652,
    "4CH": 0.9127829860102109
  },
  "per_phase": {
    "ED": 0.9096576952623595,
    "ES": 0.911117066889005,
    "seq": 0.9100327947481999
  }
}